trial,model,patient_node
3,LSTM-RL,1
3,LSTM-RL,2
3,LSTM-RL,3
3,LSTM-RL,4
3,LSTM-RL,5
3,LSTM-RL,6
3,LSTM-RL,7
3,LSTM-RL,8
3,GNN-RL,2
4,GNN-RL,2
4,GNN-RL,3
7,LSTM-RL,1
7,LSTM-RL,2
7,LSTM-RL,3
7,LSTM-RL,4
7,LSTM-RL,5
7,LSTM-RL,6
7,LSTM-RL,7
7,LSTM-RL,8
7,GNN-RL,2
7,GNN-RL,5
7,GNN-RL,6
23,LSTM-RL,2
23,LSTM-RL,3
23,LSTM-RL,8
32,GNN-RL,6
34,LSTM-RL,1
34,LSTM-RL,2
34,LSTM-RL,3
34,LSTM-RL,4
34,LSTM-RL,5
34,LSTM-RL,6
34,LSTM-RL,7
34,LSTM-RL,8
36,LSTM-RL,1
36,LSTM-RL,6
36,LSTM-RL,7
42,LSTM-RL,1
42,LSTM-RL,2
42,LSTM-RL,3
42,LSTM-RL,4
42,LSTM-RL,5
42,LSTM-RL,6
42,LSTM-RL,7
42,LSTM-RL,8
44,GNN-RL,1
44,GNN-RL,4
44,GNN-RL,5
45,GNN-RL,1
45,GNN-RL,8
50,LSTM-RL,1
50,LSTM-RL,2
50,LSTM-RL,3
50,LSTM-RL,4
50,LSTM-RL,5
50,LSTM-RL,6
50,LSTM-RL,7
50,LSTM-RL,8
50,GNN-RL,8
52,LSTM-RL,1
54,LSTM-RL,1
54,LSTM-RL,2
54,LSTM-RL,3
54,LSTM-RL,4
54,LSTM-RL,5
54,LSTM-RL,6
54,LSTM-RL,7
54,LSTM-RL,8
54,GNN-RL,1
54,GNN-RL,2
54,GNN-RL,3
54,GNN-RL,4
54,GNN-RL,5
54,GNN-RL,6
54,GNN-RL,7
54,GNN-RL,8
57,LSTM-RL,1
57,LSTM-RL,2
57,LSTM-RL,3
57,LSTM-RL,4
57,LSTM-RL,5
57,LSTM-RL,6
57,LSTM-RL,7
57,LSTM-RL,8
58,LSTM-RL,3
58,LSTM-RL,7
71,GNN-RL,3
74,LSTM-RL,1
74,GNN-RL,1
76,LSTM-RL,4
76,GNN-RL,4
79,LSTM-RL,1
79,LSTM-RL,2
79,LSTM-RL,3
79,LSTM-RL,4
79,LSTM-RL,5
79,LSTM-RL,6
79,LSTM-RL,7
79,LSTM-RL,8
85,GNN-RL,1
88,GNN-RL,1
88,GNN-RL,2
88,GNN-RL,4
88,GNN-RL,5
88,GNN-RL,6
88,GNN-RL,7
88,GNN-RL,8
99,LSTM-RL,1
99,LSTM-RL,2
99,LSTM-RL,3
99,LSTM-RL,4
99,LSTM-RL,5
99,LSTM-RL,6
99,LSTM-RL,7
99,LSTM-RL,8
