severity,model,route_delivery_ratio_mean,route_delivery_ratio_std,average_latency_mean,average_latency_std,average_hop_count_mean,average_hop_count_std,average_energy_cost_mean,average_energy_cost_std,average_disaster_risk_mean,average_disaster_risk_std,average_high_risk_nodes_mean,average_high_risk_nodes_std
Low,Shortest-Path,1.0,0.0,328.3829,35.0145,5.8542,0.3333,10.4877,0.2929,0.3113,0.0437,1.0875,0.4621
Low,Energy-Aware,1.0,0.0,296.8453,44.8943,6.975,0.8249,11.7607,1.1295,0.2041,0.0453,0.1417,0.3144
Low,Weighted-Risk-Aware,1.0,0.0,228.9978,23.6608,6.4292,0.3852,10.848,0.4382,0.1504,0.041,0.0167,0.0913
Low,LSTM,1.0,0.0,246.2826,23.7081,6.5583,0.3796,10.4983,0.3168,0.168,0.0302,0.0,0.0
Low,LSTM-RL,1.0,0.0,290.8105,33.0319,7.2792,0.3795,11.758,0.6325,0.1998,0.0311,0.0,0.0
Low,GNN-RL,1.0,0.0,293.3168,31.6469,7.2167,0.5551,11.7022,0.6389,0.2093,0.0364,0.0042,0.0228
Medium,Shortest-Path,1.0,0.0,347.0752,36.7182,5.8542,0.3333,10.4877,0.2929,0.3331,0.0438,1.2,0.4387
Medium,Energy-Aware,1.0,0.0,307.2495,47.1762,6.9833,0.8211,11.8038,1.1246,0.218,0.0499,0.1875,0.3768
Medium,Weighted-Risk-Aware,1.0,0.0,241.2052,25.0285,6.45,0.3934,10.8689,0.4552,0.1637,0.0448,0.0375,0.1437
Medium,LSTM,1.0,0.0,254.5034,25.564,6.6,0.3834,10.5743,0.3989,0.1789,0.0352,0.0,0.0
Medium,LSTM-RL,1.0,0.0,297.3223,32.7103,7.35,0.453,11.6856,0.6027,0.2065,0.0399,0.0,0.0
Medium,GNN-RL,1.0,0.0,304.2889,32.2754,7.275,0.5652,11.8073,0.675,0.2205,0.0477,0.0125,0.0503
High,Shortest-Path,1.0,0.0,378.8514,39.6931,5.8542,0.3333,10.4877,0.2929,0.3573,0.0434,1.4792,0.3773
High,Energy-Aware,1.0,0.0,317.0108,41.2666,6.9,0.7812,11.7269,1.122,0.2293,0.0526,0.2542,0.4223
High,Weighted-Risk-Aware,1.0,0.0,258.6066,28.1717,6.4875,0.4025,10.956,0.4698,0.1801,0.0472,0.075,0.1725
High,LSTM,1.0,0.0,278.0123,26.9101,6.8792,0.5614,10.8361,0.6133,0.1876,0.0417,0.0,0.0
High,LSTM-RL,1.0,0.0,315.273,40.0776,7.4042,0.6156,11.9656,0.8249,0.2153,0.046,0.0,0.0
High,GNN-RL,0.9667,0.1826,315.4435,34.7122,7.2716,0.4292,11.6804,0.5781,0.2227,0.0408,0.0733,0.2279
